product_id,brewery_id,brewery_name_jp,name_jp,name_zhtw,area_jp,area_zhtw,sake_type,rice_variety,rice_origin,seimaibuai,yeast,abv,smv,acidity,amino_acid,flavor_f1_華やか,flavor_f2_芳醇,flavor_f3_重厚,flavor_f4_穏やか,flavor_f5_ドライ,flavor_f6_軽快,flavor_tags,sakenowa_brand_id,sakenowa_brand_url,updated_at
sn_2,2,男山,男山,,北海道,北海道,,,,,,,,,,0.27268907416579063,0.5133687173652772,0.31365136745780464,0.423292021958669,0.45955562755224805,0.41635145956797676,"辛口,旨味,甘味,スッキリ,酸味,熱燗,常温,フルーティ,キレ,フレッシュ,綺麗,濃厚,キリリ,冷酒,しっかり,さわやか,柔らかい,穏やか,軽快,ヤクルト",2,https://sakenowa.com/brands/2,2026-05-11T09:00:08.174755+00:00
sn_10,6,高砂酒造,国士無双,,北海道,北海道,,,,,,,,,,0.35048014574573344,0.46992975093944167,0.3236741117191838,0.4429595137743485,0.41054798698373673,0.4322059527161043,"辛口,スッキリ,洋梨,甘味,フルーティ,コク,旨味,穏やか,酸味,さわやか,軽快,冷酒,常温,さらり,スパイシー,さっぱり,濃厚,しっかり,華やか,優しい",10,https://sakenowa.com/brands/10,2026-05-11T09:00:08.174779+00:00
sn_3679,1113,日本清酒,千歳鶴,,北海道,北海道,,,,,,,,,,0.32452943486441976,0.5082255581296027,0.34594153090166974,0.4843711299263076,0.34707186165194515,0.4020418094069425,"甘味,スッキリ,フレッシュ,旨味,さわやか,優しい,酸味,辛口,バランス,リンゴ,フルーティ,穏やか,しっかり,じわじわ,柔らかい,軽快,余韻,濃厚,まろやか,さらり",3679,https://sakenowa.com/brands/3679,2026-05-11T09:00:08.174804+00:00
sn_8685,1585,上川大雪酒造,上川大雪,,北海道,北海道,,,,,,,,,,0.40811330790082373,0.4851058063598801,0.26854449625022125,0.3700193376901326,0.3824310762507881,0.492779767986585,"酸味,旨味,フルーティ,ガス,バランス,苦味,甘味,スッキリ,辛口,キレ,しっかり,ピリリ,さわやか,穏やか,綺麗,フレッシュ,メロン,華やか,ほのか,余韻",8685,https://sakenowa.com/brands/8685,2026-05-11T09:00:08.174826+00:00
sn_1611,923,二世古酒造,二世古,,北海道,北海道,,,,,,,,,,0.3016627801087369,0.46904496818146674,0.34855021015399684,0.5006965150429463,0.39521528649915816,0.40077052419502657,"旨味,辛口,スッキリ,キレ,バナナ,しっかり,フルーティ,甘味,酸味,フレッシュ,メロン,穏やか,バランス,控えめ,栗,苦味,ほのか,軽快,さわやか,どっしり",1611,https://sakenowa.com/brands/1611,2026-05-11T09:00:08.174841+00:00
sn_19,16,西田酒造店,田酒,,青森県,青森縣,,,,,,,,,,0.4709762258816512,0.4747556084454044,0.2526587970826324,0.38463573607483265,0.35230393764680124,0.46571378035591504,"旨味,ガス,酸味,苦味,バランス,安定,リンゴ,フルーティ,甘味,桜,華やか,スッキリ,綺麗,フレッシュ,さわやか,キレ,しっかり,上品,余韻,ピリリ",19,https://sakenowa.com/brands/19,2026-05-11T09:00:08.174856+00:00
sn_1070,922,三浦酒造,豊盃,,青森県,青森縣,,,,,,,,,,0.4386834078814082,0.486193627951165,0.2687641833048981,0.38215367945992157,0.42131821819081994,0.4187934596641229,"リンゴ,旨味,フルーティ,苦味,甘味,酸味,スッキリ,華やか,さわやか,フレッシュ,バランス,キレ,辛口,しっかり,桜,余韻,綺麗,穏やか,安定,ガス",1070,https://sakenowa.com/brands/1070,2026-05-11T09:00:08.174870+00:00
sn_12,10,八戸酒造,陸奥八仙,,青森県,青森縣,,,,,,,,,,0.5010501796286103,0.46735677373890877,0.2077558565956066,0.28776302544114696,0.4047577288038696,0.49063987786075075,"リンゴ,フルーティ,ガス,酸味,華やか,甘味,フレッシュ,ワイン,旨味,苦味,さわやか,スッキリ,バランス,辛口,軽快,キレ,ピリリ,オレンジ,メロン,ジューシー",12,https://sakenowa.com/brands/12,2026-05-11T09:00:08.174885+00:00
sn_32,25,南部美人,南部美人,,岩手県,岩手縣,,美山錦,,,,15,,,,0.41619706800808387,0.5287107310299572,0.29550963084901105,0.44281272621709267,0.30818531218706924,0.4109230151781094,"フルーティ,旨味,甘味,酸味,スッキリ,辛口,苦味,華やか,さわやか,安定,バランス,ガス,綺麗,ワイン,上品,しっかり,優しい,まろやか,キレ,桜",32,https://sakenowa.com/brands/32,2026-05-11T09:00:17.691403+00:00
sn_34,26,あさ開,あさ開,,岩手県,岩手縣,,,,,,,,,,0.3413668982926626,0.469875887492907,0.3355909130987811,0.4389036378671229,0.42080330561913204,0.42467894319749716,"辛口,桜,旨味,スッキリ,フルーティ,甘味,酸味,さわやか,しっかり,常温,あっさり,冷酒,苦味,キレ,熱燗,フレッシュ,なめらか,華やか,バランス,濃厚",34,https://sakenowa.com/brands/34,2026-05-11T09:00:08.174913+00:00
sn_2602,898,赤武酒造,赤武,,岩手県,岩手縣,,,,,,,,,,0.4887040510654806,0.4798082607629035,0.21655214665474232,0.330452144487974,0.26409715722377813,0.5523691002443084,"ガス,酸味,フルーティ,甘味,旨味,さわやか,苦味,フレッシュ,バランス,ラムネ,スッキリ,リンゴ,綺麗,ジューシー,マスカット,安定,軽快,華やか,キレ,桜",2602,https://sakenowa.com/brands/2602,2026-05-11T09:00:08.174927+00:00
sn_28,22,浜千鳥,浜千鳥,,岩手県,岩手縣,,,,,,,,,,0.3403405180075996,0.47177174194413213,0.307330706897338,0.52238264081033,0.34592078216891964,0.41785497597488164,"辛口,旨味,スッキリ,甘味,味噌,優しい,綺麗,花,柔らかい,フレッシュ,酸味,華やか,上品,軽快,キレ,フルーティ,しっかり,プルーン,キリリ,なめらか",28,https://sakenowa.com/brands/28,2026-05-11T09:00:08.174940+00:00
sn_71,49,佐浦,浦霞,,宮城県,宮城縣,,山田錦,,50,,,,,,0.3127552430139696,0.5065609386150982,0.31115628416054275,0.5111771994787015,0.35888426329624606,0.39832385888305677,"旨味,スッキリ,辛口,バランス,酸味,フルーティ,フレッシュ,甘味,安定,しっかり,さっぱり,さわやか,まろやか,余韻,キリリ,柔らかい,常温,穏やか,冷酒,優しい",71,https://sakenowa.com/brands/71,2026-05-11T09:00:36.545976+00:00
sn_51,40,平孝酒造,日高見,,宮城県,宮城縣,,,,,,,,,,0.29927210731824655,0.4129071461748095,0.2461040223023246,0.4058434791962455,0.5690820160594809,0.4368219706210419,"辛口,旨味,スッキリ,キレ,甘味,酸味,しっかり,フルーティ,綺麗,キリリ,穏やか,バランス,さわやか,苦味,華やか,さっぱり,安定,優しい,控えめ,ほのか",51,https://sakenowa.com/brands/51,2026-05-11T09:00:08.174966+00:00
sn_49,39,墨廼江酒造,墨廼江,,宮城県,宮城縣,,,,,,,,,,0.3666930141378346,0.4145635120859704,0.23371003012112837,0.37453668791654954,0.5085166416872137,0.4900877923208208,"辛口,酸味,スッキリ,旨味,キレ,フルーティ,苦味,さわやか,甘味,フレッシュ,バランス,しっかり,綺麗,控えめ,メロン,穏やか,華やか,さっぱり,マスカット,キリリ",49,https://sakenowa.com/brands/49,2026-05-11T09:00:08.174981+00:00
sn_58,42,新澤醸造店,伯楽星,,宮城県,宮城縣,,,,,,,,,,0.42214176911966733,0.48548607219594486,0.2392063073952155,0.44006069365140915,0.34307242134016275,0.46639880208835827,"スッキリ,旨味,綺麗,酸味,さわやか,フルーティ,キレ,甘味,バランス,フレッシュ,メロン,バナナ,華やか,辛口,苦味,ほのか,控えめ,上品,安定,穏やか",58,https://sakenowa.com/brands/58,2026-05-11T09:00:08.174994+00:00
sn_60,43,仙台伊澤家 勝山酒造,勝山,,宮城県,宮城縣,,,,,,,,,,0.4334740994430706,0.5958143039175613,0.34168335382080245,0.41503939271351376,0.23918715349824418,0.33300122248788255,"メロン,甘味,ワイン,上品,旨味,綺麗,フルーティ,酸味,苦味,スッキリ,バランス,辛口,柔らかい,華やか,余韻,パイナップル,ジュース,甘辛い,しっかり,バナナ",60,https://sakenowa.com/brands/60,2026-05-11T09:00:08.175008+00:00
sn_1607,45,一ノ蔵,一ノ蔵,,宮城県,宮城縣,,,,,,,,,,0.3286573724608408,0.4964185151456143,0.3126123079768527,0.44969188227498236,0.40382275580648785,0.42723638323296187,"辛口,スッキリ,甘味,旨味,酸味,フルーティ,ジュース,甘酸っぱい,熱燗,常温,さわやか,安定,柔らかい,しっかり,苦味,余韻,フレッシュ,さっぱり,バランス,ガス",1607,https://sakenowa.com/brands/1607,2026-05-11T09:00:08.175020+00:00
sn_109,76,新政酒造,新政,,秋田県,秋田縣,,,,,,,,,,0.5155770144172904,0.46720278471059246,0.273267541930842,0.30910242313722536,0.1942636499468828,0.5549270916168241,"酸味,ガス,甘味,シャンパン,フルーティ,ワイン,旨味,甘酸っぱい,柑橘,綺麗,バランス,ヨーグルト,苦味,グレープフルーツ,さわやか,マスカット,スッキリ,軽快,複雑,ブドウ",109,https://sakenowa.com/brands/109,2026-05-11T09:00:08.175036+00:00
sn_2601,788,,NEXT5,,秋田県,秋田縣,,,,,,,,,,0.4758617242131683,0.5138303199832772,0.25727328253054416,0.47799896141429005,0.22085599228548747,0.40753417445554824,"綺麗,酸味,甘味,ジューシー,華やか,花,苦味,しっかり,穏やか,柑橘,透き通る,控えめ,柔らかい",2601,https://sakenowa.com/brands/2601,2026-05-11T09:00:08.175051+00:00
sn_73,51,齋彌酒造店,雪の茅舎,,秋田県,秋田縣,,,,,,,,,,0.3921184242430795,0.5558511890613566,0.2794506178463547,0.48285694045356353,0.28665392521612,0.379287030344442,"フルーティ,旨味,酸味,甘味,安定,バランス,綺麗,スッキリ,華やか,苦味,フレッシュ,さわやか,しっかり,上品,パイナップル,キレ,優しい,常温,余韻,リンゴ",73,https://sakenowa.com/brands/73,2026-05-11T09:00:08.175064+00:00
sn_98,68,飛良泉本舗,飛良泉,,秋田県,秋田縣,,,,,,,,,,0.34833510929556555,0.5358939251731111,0.3747741787934654,0.4630003683814078,0.2834749411598627,0.39534451320004305,"酸味,ヨーグルト,リンゴ,甘味,甘酸っぱい,旨味,バランス,苦味,フルーティ,さわやか,スッキリ,綺麗,チーズ,しっかり,グレープフルーツ,レモン,常温,優しい,余韻,フレッシュ",98,https://sakenowa.com/brands/98,2026-05-11T09:00:08.175077+00:00
sn_1100,72,山本,山本,,秋田県,秋田縣,,,,,,,,,,0.4593222053976687,0.47853400123713197,0.20969592646242702,0.3126797545256433,0.38179174864065646,0.5220367530101307,"酸味,フルーティ,ジューシー,ガス,キレ,さわやか,柑橘,ワイン,スッキリ,苦味,旨味,甘味,フレッシュ,リンゴ,控えめ,甘酸っぱい,辛口,バランス,さっぱり,ほのか",1100,https://sakenowa.com/brands/1100,2026-05-11T09:00:08.175090+00:00
sn_102,70,日の丸醸造,まんさくの花,,秋田県,秋田縣,,,,,,,,,,0.3871442802980502,0.5222316066049665,0.3134682779508913,0.42015260491711154,0.32091988074802125,0.4467810568229638,"旨味,酸味,ガス,甘味,バランス,フルーティ,辛口,苦味,フレッシュ,華やか,しっかり,スッキリ,さわやか,綺麗,キレ,穏やか,濃厚,余韻,安定,優しい",102,https://sakenowa.com/brands/102,2026-05-11T09:00:08.175102+00:00
sn_81,56,秋田酒類製造,高清水,,秋田県,秋田縣,,,,,,,,,,0.2845080042128118,0.5270177243566833,0.3737189462842578,0.45337401089137497,0.4066777054293668,0.36153411055653184,"辛口,スッキリ,旨味,甘味,熱燗,酸味,常温,コク,ワイン,フルーティ,キレ,さわやか,しっかり,ほのか,華やか,バランス,安定,軽快,まろやか,ヤクルト",81,https://sakenowa.com/brands/81,2026-05-11T09:00:08.175117+00:00
sn_100,69,秋田清酒,刈穂,,秋田県,秋田縣,,,,,,,,,,0.3169621280972491,0.48039887297690737,0.31168457384363685,0.3785906661468422,0.4807713799290791,0.4439962233736564,"辛口,さわやか,旨味,酸味,スッキリ,フルーティ,甘味,苦味,メロン,キレ,しっかり,バランス,さっぱり,余韻,綺麗,フレッシュ,ツン,軽快,バナナ,穏やか",100,https://sakenowa.com/brands/100,2026-05-11T09:00:08.175130+00:00
sn_97,67,両関酒造,両関,,秋田県,秋田縣,,,,,,,,,,0.3511359794902243,0.5996967512702377,0.3892917961596855,0.41311136616184896,0.28966130211759394,0.3330984194942388,"甘味,旨味,苦味,酸味,フルーティ,綺麗,梨,華やか,辛口,スッキリ,キレ,余韻,甘酸っぱい,いちご,バランス,しっかり,常温,蜜,穏やか,さわやか",97,https://sakenowa.com/brands/97,2026-05-11T09:00:08.175144+00:00
sn_144,96,高木酒造,十四代,,山形県,山形縣,,,,,,,,,,0.5027429323434696,0.5808986335618463,0.25745728104049914,0.3733320050943594,0.21137359906593137,0.3993325500557686,"フルーティ,甘味,旨味,上品,華やか,バランス,メロン,酸味,綺麗,苦味,余韻,フレッシュ,ガス,安定,スッキリ,ジューシー,キレ,さわやか,マスカット,なめらか",144,https://sakenowa.com/brands/144,2026-05-11T09:00:08.175157+00:00
sn_120,83,楯の川酒造,楯野川,,山形県,山形縣,,,,,,,,,,0.41572137633635986,0.4608908467500867,0.27331588385859035,0.41070811100786914,0.3482826305305734,0.5000718439310897,"甘味,酸味,旨味,スッキリ,フルーティ,ヨーグルト,綺麗,辛口,ガス,苦味,華やか,バランス,さわやか,しっかり,控えめ,上品,フレッシュ,穏やか,濃厚,キレ",120,https://sakenowa.com/brands/120,2026-05-11T09:00:08.175170+00:00
sn_135,89,出羽桜酒造,出羽桜,,山形県,山形縣,,,,,,,,,,0.44145464560185926,0.5160658544348886,0.28962262443797027,0.4272285690360883,0.30991535573770884,0.41992950271912705,"フルーティ,甘味,スッキリ,華やか,旨味,苦味,辛口,酸味,しっかり,桜,ガス,余韻,上品,バランス,キレ,まろやか,優しい,軽快,さわやか,冷酒",135,https://sakenowa.com/brands/135,2026-05-11T09:00:08.175202+00:00
sn_121,84,酒田酒造,上喜元,,山形県,山形縣,,,,,,,,,,0.3791192405235237,0.4436544967911701,0.25450437065603376,0.3888187406969581,0.4537787896678083,0.4874131832329396,"辛口,ガス,酸味,旨味,スッキリ,フルーティ,甘味,苦味,キレ,さわやか,綺麗,しっかり,バランス,華やか,フレッシュ,控えめ,上品,軽快,ピリリ,ほのか",121,https://sakenowa.com/brands/121,2026-05-11T09:00:08.175218+00:00
sn_156,105,亀の井酒造,くどき上手,,山形県,山形縣,,,,,,,,,,0.434883339426619,0.6083144560645771,0.3458582500415304,0.3324932673185915,0.30805065784770147,0.3402426985221369,"フルーティ,甘味,ジューシー,旨味,蜜,華やか,苦味,辛口,パイナップル,酸味,上品,綺麗,キレ,しっかり,メロン,余韻,バランス,スッキリ,桃,濃厚",156,https://sakenowa.com/brands/156,2026-05-11T09:00:08.175235+00:00
sn_121,84,酒田酒造,上喜元,,山形県,山形縣,,,,,,,,,,0.3791192405235237,0.4436544967911701,0.25450437065603376,0.3888187406969581,0.4537787896678083,0.4874131832329396,"辛口,ガス,酸味,旨味,スッキリ,フルーティ,甘味,苦味,キレ,さわやか,綺麗,しっかり,バランス,華やか,フレッシュ,控えめ,上品,軽快,ピリリ,ほのか",121,https://sakenowa.com/brands/121,2026-05-11T09:00:08.175245+00:00
sn_158,108,小嶋総本店,東光,,山形県,山形縣,,,,,,,,,,0.36455346524961735,0.5483881254532406,0.33053914368131376,0.4389755705360248,0.36339898380784774,0.36380865351279906,"フルーティ,辛口,旨味,甘味,ワイン,スッキリ,華やか,しっかり,酸味,常温,濃厚,キレ,ふんわり,さわやか,柔らかい,上品,苦味,冷酒,バナナ,さっぱり",158,https://sakenowa.com/brands/158,2026-05-11T09:00:08.175257+00:00
sn_171,116,新藤酒造店,雅山流,,山形県,山形縣,,,,,,,,,,0.5459132106171654,0.39487668303434725,0.21505766922021777,0.2955879246398948,0.34987521164610624,0.5385317870485362,"華やか,フレッシュ,フルーティ,スッキリ,綺麗,さわやか,軽快,旨味,辛口,苦味,甘味,桜,キレ,さっぱり,酸味,しっかり,穏やか,梨,さらり,スイスイ",171,https://sakenowa.com/brands/171,2026-05-11T09:00:08.175270+00:00
sn_149,101,水戸部酒造,山形正宗,,山形県,山形縣,,,,,,,,,,0.389192967684141,0.5312847946226541,0.3015421544531644,0.39718120456145134,0.3314471584614293,0.4557713263103308,"旨味,酸味,キレ,フルーティ,甘味,苦味,スッキリ,さわやか,辛口,ガス,バランス,マスカット,しっかり,ヨーグルト,フレッシュ,ライチ,ほのか,綺麗,グレープフルーツ,余韻",149,https://sakenowa.com/brands/149,2026-05-11T09:00:08.175284+00:00
sn_202,135,廣木酒造本店,飛露喜,,福島県,福島縣,,,,,,,,,,0.367066420743588,0.5048759870578838,0.30630992729301204,0.4808131685226413,0.3637118428860467,0.39124046469686913,"旨味,バランス,苦味,綺麗,フルーティ,甘味,酸味,スッキリ,安定,上品,キレ,メロン,辛口,華やか,しっかり,控えめ,穏やか,余韻,派手,バナナ",202,https://sakenowa.com/brands/202,2026-05-11T09:00:08.175297+00:00
sn_1616,130,宮泉銘醸,冩楽,,福島県,福島縣,,,,,,,,,,0.44999726690931807,0.6035728720147661,0.2522405739518986,0.3976129566904116,0.2449818045159004,0.38918477992137573,"メロン,フルーティ,旨味,バナナ,酸味,バランス,苦味,甘味,安定,フレッシュ,華やか,ジューシー,ガス,キレ,スッキリ,セメダイン,上品,しっかり,余韻,さわやか",1616,https://sakenowa.com/brands/1616,2026-05-11T09:00:08.175464+00:00
sn_2401,130,宮泉銘醸,宮泉,,福島県,福島縣,,,,,,,,,,0.4394217806889023,0.5277503662851546,0.26534282730923214,0.3755463280125699,0.28007272046851617,0.4883702082470451,"ラムネ,酸味,旨味,ガス,メロン,苦味,フルーティ,甘味,バランス,フレッシュ,バナナ,しっかり,華やか,控えめ,キレ,スッキリ,ジューシー,さわやか,余韻,辛口",2401,https://sakenowa.com/brands/2401,2026-05-11T09:00:08.175471+00:00
sn_1616,130,宮泉銘醸,冩楽,,福島県,福島縣,,,,,,,,,,0.44999726690931807,0.6035728720147661,0.2522405739518986,0.3976129566904116,0.2449818045159004,0.38918477992137573,"メロン,フルーティ,旨味,バナナ,酸味,バランス,苦味,甘味,安定,フレッシュ,華やか,ジューシー,ガス,キレ,スッキリ,セメダイン,上品,しっかり,余韻,さわやか",1616,https://sakenowa.com/brands/1616,2026-05-11T09:00:08.175631+00:00
sn_2401,130,宮泉銘醸,宮泉,,福島県,福島縣,,,,,,,,,,0.4394217806889023,0.5277503662851546,0.26534282730923214,0.3755463280125699,0.28007272046851617,0.4883702082470451,"ラムネ,酸味,旨味,ガス,メロン,苦味,フルーティ,甘味,バランス,フレッシュ,バナナ,しっかり,華やか,控えめ,キレ,スッキリ,ジューシー,さわやか,余韻,辛口",2401,https://sakenowa.com/brands/2401,2026-05-11T09:00:08.175638+00:00
sn_1469,883,松崎酒造店,廣戸川,,福島県,福島縣,,,,,,,,,,0.3475897159475515,0.5387035410217598,0.3084291976982412,0.5366244194316412,0.22841957903346075,0.39205872347030835,"ガス,旨味,バランス,苦味,甘味,酸味,優しい,安定,メロン,常温,桃,派手,フルーティ,穏やか,しっかり,カルピス,控えめ,バナナ,キレ,綺麗",1469,https://sakenowa.com/brands/1469,2026-05-11T09:00:08.175653+00:00
sn_188,127,鶴乃江酒造,会津中将,,福島県,福島縣,,,,,,,,,,0.34655716111755613,0.5152531749397311,0.3084234659020153,0.5105310168686363,0.31319337921343465,0.4006934657635452,"旨味,メロン,甘味,バランス,スッキリ,フルーティ,フレッシュ,さわやか,酸味,キレ,ほのか,苦味,辛口,穏やか,優しい,しっかり,綺麗,安定,まろやか,軽快",188,https://sakenowa.com/brands/188,2026-05-11T09:00:08.175667+00:00
sn_210,139,末廣酒造,末廣,,福島県,福島縣,,,,,,,,,,0.2842551644459181,0.5444908042563849,0.3870332405948832,0.5463615595696362,0.24538917714006078,0.337945608357087,"旨味,酸味,熱燗,甘味,スッキリ,常温,フレッシュ,冷酒,苦味,バランス,メロン,優しい,フルーティ,辛口,まろやか,しっかり,華やか,穏やか,さわやか,綺麗",210,https://sakenowa.com/brands/210,2026-05-11T09:00:08.175682+00:00
sn_222,150,夢心酒造,奈良萬,,福島県,福島縣,,,,,,,,,,0.4144682673390291,0.5367194133683765,0.2692960924209287,0.37465837221025555,0.30522611742463546,0.4838347472680646,"ガス,メロン,旨味,フルーティ,酸味,苦味,甘味,ジューシー,フレッシュ,バナナ,辛口,バランス,ピチピチ,ピリリ,プチプチ,スッキリ,華やか,キレ,さわやか,しっかり",222,https://sakenowa.com/brands/222,2026-05-11T09:00:08.175695+00:00
sn_1026,141,花泉酒造,ロ万,,福島県,福島縣,,,,,,,,,,0.461912796672723,0.5343098339160687,0.23198337370075786,0.490877724672277,0.1932235922900171,0.41114107892558116,"メロン,甘味,桜,旨味,フルーティ,華やか,苦味,優しい,スッキリ,酸味,綺麗,ふんわり,ジューシー,ガス,バランス,まろやか,さわやか,しっかり,柔らかい,フレッシュ",1026,https://sakenowa.com/brands/1026,2026-05-11T09:00:08.175708+00:00
sn_232,157,来福酒造,来福,,茨城県,茨城縣,,,,,,,,,,0.5700167581336987,0.54119347141583,0.1974464506223671,0.2892178938210995,0.2573953041503163,0.43966588266013357,"花,いちご,バナナ,酸味,桜,甘味,フルーティ,華やか,旨味,桃,パイナップル,辛口,メロン,苦味,リンゴ,さわやか,スッキリ,キレ,余韻,ガス",232,https://sakenowa.com/brands/232,2026-05-11T09:00:08.175724+00:00
sn_225,152,須藤本家,郷乃譽,,茨城県,茨城縣,,,,,,,,,,0.4293630311692324,0.3777013769202948,0.5262251460429389,0.41146444494928713,0.26454943933109576,0.39596307618507515,"ハチミツ,カラメル,チョコレート,桜,花,キリリ,さっぱり,ハーブ",225,https://sakenowa.com/brands/225,2026-05-11T09:00:08.175736+00:00
sn_258,183,小林酒造,鳳凰美田,,栃木県,栃木縣,,,,,,,,,,0.5345987244836986,0.630300451124963,0.23159984327076785,0.2832738949778884,0.18924703079378116,0.383703687040951,"いちご,フルーティ,マスカット,華やか,甘味,旨味,ワイン,桃,酸味,ジュース,苦味,メロン,フレッシュ,ジューシー,ブドウ,パイナップル,綺麗,バランス,上品,余韻",258,https://sakenowa.com/brands/258,2026-05-11T09:00:08.175751+00:00
sn_1121,1168,せんきん,仙禽,,栃木県,栃木縣,,,,,,,,,,0.5044403364143065,0.4839147403690006,0.22729867613210777,0.3268649788532294,0.2432001601553787,0.5419545650514359,"酸味,ガス,フルーティ,苦味,ヨーグルト,甘味,マスカット,さわやか,旨味,フレッシュ,甘酸っぱい,リンゴ,ジューシー,バランス,スッキリ,控えめ,メロン,軽快,ワイン,桜",1121,https://sakenowa.com/brands/1121,2026-05-11T09:00:08.175764+00:00
sn_3446,1303,渡邉酒造,旭興,,栃木県,栃木縣,,,,,,,,,,0.35860055304653177,0.5703489842410798,0.4024096039058359,0.4203506881354681,0.26085360834333665,0.373409807333093,"旨味,酸味,甘味,バランス,キレ,フルーティ,苦味,ジューシー,フレッシュ,カルピス,ガス,辛口,華やか,余韻,しっかり,スッキリ,まろやか,ワイン,上品,綺麗",3446,https://sakenowa.com/brands/3446,2026-05-11T09:00:08.175781+00:00
sn_259,184,惣誉酒造,惣誉,,栃木県,栃木縣,,,,,,,,,,0.3211938959838535,0.5845723766676933,0.37197952959611985,0.4551292380965781,0.29257968882770596,0.3521297338998206,"酸味,メロン,旨味,セメダイン,辛口,バナナ,スッキリ,熱燗,常温,甘味,味噌,フルーティ,冷酒,さわやか,しっかり,苦味,穏やか,ラム,燗酒,キレ",259,https://sakenowa.com/brands/259,2026-05-11T09:00:08.175794+00:00
sn_272,191,永井酒造,水芭蕉,,群馬県,群馬縣,,,,,,,,,,0.5197469768902704,0.46126596865329905,0.2166638577681955,0.3184820749299009,0.3090779011779903,0.5226792303741511,"フルーティ,ガス,甘味,スッキリ,辛口,桃,洋梨,酸味,旨味,綺麗,ワイン,さわやか,シャンパン,苦味,フレッシュ,華やか,バランス,上品,軽快,柔らかい",272,https://sakenowa.com/brands/272,2026-05-11T09:00:08.175807+00:00
sn_1160,194,町田酒造店,町田酒造,,群馬県,群馬縣,,,,,,,,,,0.5119437654675473,0.435513124191914,0.17513162338116475,0.2314828380769736,0.2917170075554153,0.6155385425187676,"ガス,フルーティ,苦味,フレッシュ,ラムネ,甘味,酸味,ジューシー,旨味,さわやか,パイナップル,ピチピチ,リンゴ,ピリリ,バランス,キレ,スッキリ,マスカット,メロン,華やか",1160,https://sakenowa.com/brands/1160,2026-05-11T09:00:08.175820+00:00
sn_290,202,神亀酒造,神亀,,埼玉県,埼玉縣,,,,,,,,,,0.16274622169150404,0.6199432733739793,0.5507942347037663,0.42156020812696526,0.226503388464009,0.23831265614494712,"熱燗,旨味,常温,ガス,辛口,燗酒,冷酒,しっかり,濃厚,甘味,オレンジ,酸味,コク,どっしり,まろやか,キレ,苦味,カラメル,じっくり,フレッシュ",290,https://sakenowa.com/brands/290,2026-05-11T09:00:08.175833+00:00
sn_3185,875,五十嵐酒造,天覧山,,埼玉県,埼玉縣,,,,,,,,,,0.3927269461187229,0.4969810136703691,0.3119953777528373,0.4097214387162061,0.292924898928659,0.497752597530395,"フレッシュ,ガス,酸味,旨味,華やか,苦味,バランス,スッキリ,フルーティ,辛口,常温,ジュース,ピチピチ,重い,甘味,しっかり,軽快,濃厚,マスカット,ヨーグルト",3185,https://sakenowa.com/brands/3185,2026-05-11T09:00:08.175845+00:00
sn_311,224,鍋店,仁勇,,千葉県,千葉縣,,,,,,,,,,0.35308484344751656,0.5386246186287033,0.34449099879701106,0.44668760498516696,0.3528374946164441,0.3775135113184302,"甘味,旨味,酸味,フルーティ,スッキリ,ほのか,辛口,華やか,アミノ酸,バランス,バナナ,ガス,コク,さわやか,メロン,さっぱり,キレ,苦味,濃厚,穏やか",311,https://sakenowa.com/brands/311,2026-05-11T09:00:08.175858+00:00
sn_1955,1025,東薫酒造,東薫,,千葉県,千葉縣,,,,,,,,,,0.42014483658835666,0.5475469244614443,0.32039747302016863,0.4736522331574174,0.2036892638596133,0.39392941867365966,"バナナ,セメダイン,メロン,濃厚,桜,スッキリ",1955,https://sakenowa.com/brands/1955,2026-05-11T09:00:08.175870+00:00
sn_320,229,小澤酒造,澤乃井,,東京都,東京都,,,,,,,,,,0.33413560165305034,0.47372125191721376,0.30765828738986645,0.42886405689583806,0.4419599898146759,0.4359299731563901,"辛口,旨味,さわやか,スッキリ,フルーティ,酸味,フレッシュ,しっかり,甘味,常温,バランス,冷酒,さっぱり,華やか,熱燗,まろやか,キレ,苦味,キリリ,濃厚",320,https://sakenowa.com/brands/320,2026-05-11T09:00:08.175885+00:00
sn_314,225,田村酒造場,嘉泉,,東京都,東京都,,,,,,,,,,0.2507822557964537,0.5451227493814462,0.44178295002252216,0.5097677371909668,0.31145888754751666,0.29649197095489377,"プルーン,辛口,しっかり,コク,常温,旨味,冷酒,ふくよか,なめらか,燗酒,華やか,ふんわり,芳醇,レーズン,ツン,透き通る,荒々しい,スッキリ,柔らかい",314,https://sakenowa.com/brands/314,2026-05-11T09:00:08.175898+00:00
sn_327,237,川西屋酒造店,丹沢山,,神奈川県,神奈川縣,,,,,,,,,,0.16405130819004715,0.6049489008751788,0.5207855338452586,0.45741192585135276,0.2577082677811091,0.2454937924974329,"熱燗,燗酒,旨味,ナッツ,燗冷まし,常温,辛口,酸味,スッキリ,スパイス,ふっくら,濃厚,冷酒,しっかり,キレ,まろやか,どっしり,フルーティ,ハチミツ,さわやか",327,https://sakenowa.com/brands/327,2026-05-11T09:00:08.175915+00:00
sn_323,231,泉橋酒造,いづみ橋,,神奈川県,神奈川縣,,,,,,,,,,0.33529831104094765,0.4967413634357671,0.36098691846853553,0.39501989545971616,0.3759879032630977,0.4616317622851232,"旨味,酸味,フレッシュ,ガス,辛口,苦味,しっかり,スッキリ,甘味,さわやか,キレ,さっぱり,濃厚,フルーティ,常温,優しい,ヨーグルト,メロン,バランス,穏やか",323,https://sakenowa.com/brands/323,2026-05-11T09:00:08.175928+00:00
sn_380,273,八海醸造,八海山,,新潟県,新潟縣,,,,,,,,,,0.27852185396134377,0.4453015334020905,0.3272625631594972,0.5081785855514026,0.43691511492380647,0.40974509577059226,"辛口,安定,スッキリ,旨味,甘味,まろやか,しっかり,苦味,熱燗,綺麗,キレ,バランス,ガス,常温,フルーティ,上品,さらり,酸味,さわやか,フレッシュ",380,https://sakenowa.com/brands/380,2026-05-11T09:00:08.175941+00:00
sn_431,305,朝日酒造,久保田,,新潟県,新潟縣,,,,,,,,,,0.35206339269037595,0.4642736773476349,0.28486710842867674,0.44989511245549524,0.42521913616996215,0.44287145381979554,"辛口,スッキリ,安定,フルーティ,旨味,甘味,華やか,キレ,常温,酸味,さわやか,綺麗,まろやか,しっかり,上品,苦味,冷酒,バランス,濃厚,ガス",431,https://sakenowa.com/brands/431,2026-05-11T09:00:08.175954+00:00
sn_384,275,石本酒造,越乃寒梅,,新潟県,新潟縣,,,,,,,,,,0.23505927944707805,0.40407363296010806,0.27675913069523006,0.5016458979367563,0.5237663448775897,0.4229612593676359,"辛口,スッキリ,旨味,キレ,さっぱり,常温,昔ながら,安定,冷酒,甘味,しっかり,さらり,軽快,上品,フルーティ,控えめ,綺麗,さわやか,スイスイ,柔らかい",384,https://sakenowa.com/brands/384,2026-05-11T09:00:08.175967+00:00
sn_410,292,宮尾酒造,〆張鶴,,新潟県,新潟縣,,,,,,,,,,0.36118238307548517,0.4705523213464704,0.2713385889608197,0.4580681113129832,0.4197668002283655,0.4341343202239472,"辛口,旨味,スッキリ,花,フレッシュ,梨,メロン,フルーティ,甘味,キレ,しっかり,常温,安定,苦味,さわやか,上品,熱燗,バランス,華やか,濃厚",410,https://sakenowa.com/brands/410,2026-05-11T09:00:08.175979+00:00
sn_374,268,丸山酒造場,雪中梅,,新潟県,新潟縣,,,,,,,,,,0.262106478366287,0.5109683236918997,0.3389552878214054,0.6289067108925054,0.2513122745909327,0.31086873222330275,"甘味,常温,旨味,昔ながら,柔らかい,優しい,複雑,スッキリ,辛口,円やか,花,冷酒,芳香,綺麗,砂糖,厚み,安定,燗酒,じっくり,コク",374,https://sakenowa.com/brands/374,2026-05-11T09:00:08.175994+00:00
sn_344,246,青木酒造,鶴齢,,新潟県,新潟縣,,,,,,,,,,0.26260932012327587,0.5416491800505733,0.3620499115080802,0.49349749921130925,0.3619415638864444,0.3633605577323198,"旨味,辛口,酸味,甘味,しっかり,スッキリ,安定,まろやか,コク,濃厚,バランス,苦味,キレ,フルーティ,さわやか,常温,穏やか,ほのか,綺麗,フレッシュ",344,https://sakenowa.com/brands/344,2026-05-11T09:00:08.176007+00:00
sn_437,308,菊水酒造,菊水,,新潟県,新潟縣,,,,,,,,,,0.23813190079781962,0.5716327881809731,0.4859023968614601,0.38947511224257036,0.3447221061831646,0.33151745123813986,"旨味,濃厚,フレッシュ,コク,甘味,辛口,しっかり,ツン,熱燗,キレ,常温,フルーティ,スッキリ,冷酒,安定,ガス,昔ながら,さわやか,チョコレート,華やか",437,https://sakenowa.com/brands/437,2026-05-11T09:00:08.176019+00:00
sn_419,296,越後鶴亀,越後鶴亀,,新潟県,新潟縣,,,,,,,,,,0.6030966386177278,0.5191046189062001,0.3413277166736245,0.2704521601865212,0.23453826321229063,0.34949629624421374,"ワイン,酸味,甘味,フルーティ,旨味,スッキリ,ガス,さわやか,ジュース,軽快,しっかり,辛口,甘酸っぱい,苦味,チーズ,ブドウ,華やか,スイスイ,冷酒,さっぱり",419,https://sakenowa.com/brands/419,2026-05-11T09:00:08.176032+00:00
sn_2681,259,吉乃川,吉乃川,,新潟県,新潟縣,,,,,,,,,,0.2803472148918628,0.41176835310242965,0.29225426409529676,0.4831159369624837,0.454016757438997,0.4763480691902149,"辛口,スッキリ,旨味,甘味,安定,冷酒,軽快,ガス,常温,酸味,清涼,しっかり,さわやか,キレ,キリリ,味噌,熱燗,ジュース,なめらか,さっぱり",2681,https://sakenowa.com/brands/2681,2026-05-11T09:00:08.176049+00:00
sn_442,311,麒麟山酒造,麒麟山,,新潟県,新潟縣,,,,,,,,,,0.24499636374674236,0.4149102821432652,0.26932646642886016,0.40985933256961105,0.5776121960186589,0.4400783708837658,"辛口,スッキリ,旨味,まろやか,キリリ,キレ,フレッシュ,冷酒,熱燗,甘味,常温,さわやか,綺麗,濃厚,柔らかい,さっぱり,ほのか,優しい,苦味,酸味",442,https://sakenowa.com/brands/442,2026-05-11T09:00:08.176063+00:00
sn_425,299,尾畑酒造,真野鶴,,新潟県,新潟縣,,,,,,,,,,0.30066516987639375,0.4512953731149557,0.2846720094194375,0.4281706418842596,0.49752388815496557,0.4404936674061482,"辛口,旨味,酸味,フルーティ,スッキリ,甘味,キレ,キリリ,しっかり,余韻,ほのか,華やか,常温,ガス,濃厚,さわやか,バナナ,優しい,丸み,なめらか",425,https://sakenowa.com/brands/425,2026-05-11T09:00:08.176076+00:00
sn_1187,1141,村祐酒造,村祐,,新潟県,新潟縣,,,,,,,,,,0.40432353410910793,0.5847435731185007,0.3732807925321495,0.3840520449405204,0.22402884376266632,0.39695590098657985,"酸味,甘味,上品,フルーティ,甘酸っぱい,旨味,ヨーグルト,マスカット,苦味,柑橘,スッキリ,さわやか,砂糖,優しい,辛口,華やか,控えめ,グレープフルーツ,バランス,余韻",1187,https://sakenowa.com/brands/1187,2026-05-11T09:00:08.176088+00:00
sn_465,325,桝田酒造店,満寿泉,,富山県,富山縣,,,,,,,,,,0.4126432819281252,0.4977894211974743,0.3860167076577234,0.43077080197532663,0.3067754398426239,0.39146859530166617,"ワイン,旨味,甘味,酸味,スッキリ,辛口,フルーティ,さわやか,優しい,上品,柑橘,ハチミツ,メロン,しっかり,バランス,綺麗,穏やか,軽快,フレッシュ,ほのか",465,https://sakenowa.com/brands/465,2026-05-11T09:00:08.176101+00:00
sn_1709,953,清都酒造場,勝駒,,富山県,富山縣,,,,,,,,,,0.35450299989915973,0.5012857642766027,0.273004973396492,0.5392000615472161,0.33002841400213423,0.38581476083168953,"旨味,フルーティ,綺麗,スッキリ,バランス,苦味,キレ,辛口,甘味,メロン,穏やか,上品,派手,余韻,酸味,しっかり,バナナ,さらり,控えめ,柔らかい",1709,https://sakenowa.com/brands/1709,2026-05-11T09:00:08.176113+00:00
sn_454,316,富美菊酒造,羽根屋,,富山県,富山縣,,,,,,,,,,0.4830060109055828,0.5316109899921847,0.24278884340406673,0.3700330601625247,0.27034762263628126,0.46382779518781436,"フルーティ,フレッシュ,旨味,甘味,酸味,華やか,ジューシー,ガス,苦味,さわやか,スッキリ,バランス,綺麗,優しい,余韻,メロン,軽快,上品,グレープフルーツ,しっかり",454,https://sakenowa.com/brands/454,2026-05-11T09:00:08.176126+00:00
sn_1041,342,菊姫,菊姫,,石川県,石川縣,,,,,,,,,,0.1355689683899624,0.6228645872368457,0.5895981857199186,0.4330681022367129,0.1547885996687296,0.1858150919850729,"旨味,濃厚,酸味,カラメル,しっかり,甘味,常温,熱燗,ヨーグルト,どっしり,冷酒,芳醇,紹興酒,ツン,コク,バナナ,苦味,フレッシュ,まろやか,ナッツ",1041,https://sakenowa.com/brands/1041,2026-05-11T09:00:08.176139+00:00
sn_469,328,車多酒造,天狗舞,,石川県,石川縣,,,,,,,,,,0.19953993962721062,0.5867746941430565,0.5370239642730316,0.4190738208962069,0.27982669234914315,0.27121704867460195,"旨味,酸味,濃厚,常温,辛口,しっかり,熱燗,紹興酒,甘味,スッキリ,どっしり,コク,苦味,芳醇,キレ,控えめ,冷酒,余韻,バランス,醤油",469,https://sakenowa.com/brands/469,2026-05-11T09:00:08.176151+00:00
sn_470,329,吉田酒造店,手取川,,石川県,石川縣,,,,,,,,,,0.4506291106509547,0.43362252168136906,0.23337115849560927,0.3308092608436772,0.3725426394941613,0.5533715121017894,"ガス,フレッシュ,辛口,さわやか,甘味,酸味,旨味,フルーティ,スッキリ,苦味,バランス,ジューシー,キレ,リンゴ,綺麗,華やか,しっかり,優しい,メロン,ピリリ",470,https://sakenowa.com/brands/470,2026-05-11T09:00:08.176164+00:00
sn_473,333,御祖酒造,遊穂,,石川県,石川縣,,,,,,,,,,0.27845272252157577,0.5426612838036119,0.4793291678812335,0.4356740647989088,0.2896084052017877,0.35290429594621797,"酸味,旨味,しっかり,花,ガス,穏やか,辛口,濃厚,苦味,甘味,バランス,スッキリ,常温,熱燗,ヨーグルト,フルーティ,キレ,フレッシュ,どっしり,チーズ",473,https://sakenowa.com/brands/473,2026-05-11T09:00:08.176181+00:00
sn_491,344,福光屋,加賀鳶,,石川県,石川縣,,,,,,,,,,0.2877214137089958,0.44927837689319744,0.318831475631147,0.3581671996250777,0.552553949664245,0.42439628664674856,"辛口,旨味,キレ,スッキリ,酸味,フルーティ,甘味,しっかり,キリリ,コク,苦味,ふくよか,冷酒,花,華やか,さわやか,常温,なめらか,まろやか,さっぱり",491,https://sakenowa.com/brands/491,2026-05-11T09:00:08.176216+00:00
sn_476,335,鹿野酒造,常きげん,,石川県,石川縣,,,,,,,,,,0.32485677991121786,0.5578473576209302,0.4178504435905677,0.4033366028115098,0.3238617234475347,0.37564421178861424,"旨味,苦味,酸味,甘味,しっかり,フルーティ,華やか,芳醇,キレ,余韻,辛口,さわやか,スッキリ,キリリ,花,コク,濃厚,常温,どっしり,ふくよか",476,https://sakenowa.com/brands/476,2026-05-11T09:00:08.176229+00:00
sn_522,371,黒龍酒造,黒龍,,福井県,福井縣,,,,,,,,,,0.4092567479847496,0.49893645951486004,0.2619830984192679,0.40150869913998266,0.3935956290116953,0.44588050537803325,"メロン,旨味,スッキリ,フルーティ,辛口,甘味,綺麗,キレ,苦味,さわやか,しっかり,バナナ,上品,バランス,安定,酸味,華やか,ほのか,フレッシュ,余韻",522,https://sakenowa.com/brands/522,2026-05-11T09:00:08.176242+00:00
sn_1948,920,加藤吉平商店,梵,,福井県,福井縣,,,,,,,,,,0.34747782494161267,0.5499338864225042,0.3711371768854906,0.5063875869001891,0.25244121738532244,0.3448682665453203,"甘味,旨味,フルーティ,酸味,スッキリ,しっかり,淡い,華やか,綺麗,余韻,まろやか,苦味,辛口,濃厚,上品,さわやか,キレ,バランス,なめらか,コク",1948,https://sakenowa.com/brands/1948,2026-05-11T09:00:08.176257+00:00
sn_524,372,南部酒造場,花垣,,福井県,福井縣,,,,,,,,,,0.3022279888820327,0.5543552690000102,0.45758088903144345,0.4067268812937559,0.29536178711104216,0.3732329931946913,"旨味,酸味,甘味,辛口,しっかり,ガス,フレッシュ,苦味,濃厚,スッキリ,常温,カルピス,華やか,冷酒,さわやか,フルーティ,どっしり,とろみ,余韻,チョコレート",524,https://sakenowa.com/brands/524,2026-05-11T09:00:08.176269+00:00
sn_535,381,山梨銘醸,七賢,,山梨県,山梨縣,,,,,,,,,,0.4883050877852949,0.43269216389422177,0.2217581727838417,0.3493073168158107,0.35957374406823,0.5233068567741084,"フルーティ,さわやか,ガス,華やか,旨味,甘味,酸味,フレッシュ,スッキリ,辛口,シャンパン,苦味,リンゴ,ワイン,バランス,軽快,綺麗,しっかり,なめらか,キレ",535,https://sakenowa.com/brands/535,2026-05-11T09:00:08.176284+00:00
sn_533,379,笹一酒造,笹一,,山梨県,山梨縣,,,,,,,,,,0.37377716551699175,0.5571034356741141,0.32827741064843324,0.41343475127903795,0.32777080411071247,0.40472007679827116,"旨味,酸味,フルーティ,辛口,クリーミー,さわやか,フレッシュ,苦味,甘味,上品,軽快,スッキリ,余韻,まろやか,ワイン,華やか,バナナ,ブドウ,キレ,濃厚",533,https://sakenowa.com/brands/533,2026-05-11T09:00:08.176296+00:00
sn_551,395,宮坂醸造,真澄,,長野県,長野縣,,,,,,,,,,0.36507974829664447,0.4733882843965791,0.30183297694029027,0.4404067309394558,0.36975143829403634,0.46993930335075995,"酸味,辛口,スッキリ,旨味,甘味,ガス,フルーティ,軽快,フレッシュ,しっかり,さわやか,バランス,綺麗,ほのか,苦味,安定,柔らかい,華やか,穏やか,常温",551,https://sakenowa.com/brands/551,2026-05-11T09:00:08.176309+00:00
sn_541,386,七笑酒造,七笑,,長野県,長野縣,,,,,,,,,,0.3994341920359639,0.5341549829791715,0.326971526515643,0.42182392880042374,0.32479983972199705,0.4059433931560753,"フルーティ,フレッシュ,旨味,味噌,甘味,しっかり,スッキリ,パイナップル,リンゴ,辛口,桃,苦味,ジューシー,華やか,酸味,さわやか,濃厚,軽快,まろやか,ほのか",541,https://sakenowa.com/brands/541,2026-05-11T09:00:08.176337+00:00
sn_555,398,大信州酒造,大信州,,長野県,長野縣,,,,,,,,,,0.4041837540763161,0.413450335445701,0.21878992528315572,0.32946062546843435,0.546158832299176,0.45933811927898266,"リンゴ,辛口,旨味,フルーティ,ガス,フレッシュ,甘味,華やか,スッキリ,苦味,キレ,酸味,さわやか,さらり,バランス,綺麗,しっかり,軽快,シャンパン,ジューシー",555,https://sakenowa.com/brands/555,2026-05-11T09:00:08.176357+00:00
sn_3776,1357,田中酒造店,水尾,,長野県,長野縣,,,,,,,,,,0.3709369282808018,0.48658520140481815,0.2800310046984202,0.3827836533509984,0.4226532724458942,0.47123684006778227,"辛口,スッキリ,酸味,旨味,軽快,キレ,ラムネ,バナナ,さわやか,メロン,甘味,フルーティ,甘酸っぱい,派手,苦味,コク,さっぱり,マスカット,しっかり,綺麗",3776,https://sakenowa.com/brands/3776,2026-05-11T09:00:08.176371+00:00
sn_1482,886,亀齢酒造,亀齢,,広島県,廣島縣,,,,,,,,,,0.2901681177098505,0.525090170264225,0.3588237790825636,0.4224438126609203,0.4465145447518935,0.3653686612054072,"辛口,旨味,甘味,綺麗,酸味,キレ,スッキリ,フルーティ,しっかり,苦味,余韻,常温,濃厚,熱燗,パイナップル,さわやか,どっしり,フレッシュ,穏やか,冷酒",1482,https://sakenowa.com/brands/1482,2026-05-11T09:00:08.176387+00:00
sn_574,411,玉泉堂酒造,醴泉,,岐阜県,岐阜縣,,,,,,,,,,0.3006455300531617,0.4704803603266823,0.3510008657740365,0.5697081839049608,0.3361672850045734,0.3570476574859028,"旨味,穏やか,辛口,酸味,バランス,甘味,スッキリ,しっかり,柔らかい,苦味,上品,フルーティ,優しい,綺麗,キレ,どっしり,ガス,さっぱり,控えめ,メロン",574,https://sakenowa.com/brands/574,2026-05-11T09:00:08.176400+00:00
sn_589,426,中島醸造,小左衛門,,岐阜県,岐阜縣,,,,,,,,,,0.42421356948313366,0.5718673013411469,0.3275220101941511,0.378517682847462,0.2618028309914838,0.41704149843653116,"パイナップル,旨味,酸味,フルーティ,フレッシュ,甘味,苦味,ガス,スッキリ,穏やか,キャラメル,ジューシー,華やか,リンゴ,バランス,さわやか,軽快,桜,しっかり,キレ",589,https://sakenowa.com/brands/589,2026-05-11T09:00:08.176413+00:00
sn_591,428,三千盛,三千盛,,岐阜県,岐阜縣,,,,,,,,,,0.23114176377303924,0.3008492767956012,0.2319843141648647,0.27618113424595153,0.7275778547994276,0.44339702520990437,"辛口,スッキリ,キレ,旨味,ガス,フルーティ,キリリ,甘味,さわやか,酸味,苦味,フレッシュ,しっかり,さっぱり,キャラメル,ピリリ,常温,ヨーグルト,ツン,余韻",591,https://sakenowa.com/brands/591,2026-05-11T09:00:08.176425+00:00
sn_607,441,磯自慢酒造,磯自慢,,静岡県,靜岡縣,,,,,,,,,,0.37544156967164843,0.49360387565318614,0.2606497194925739,0.48071714703074886,0.3841606510829907,0.41084325982203423,"旨味,スッキリ,綺麗,フルーティ,辛口,甘味,メロン,キレ,苦味,バランス,バナナ,さわやか,華やか,酸味,上品,しっかり,ほのか,穏やか,余韻,柔らかい",607,https://sakenowa.com/brands/607,2026-05-11T09:00:08.176438+00:00
sn_617,451,土井酒造場,開運,,静岡県,靜岡縣,,,,,,,,,,0.3732218847159147,0.5081455546470096,0.3007550759894231,0.4601976959492216,0.3293496950181344,0.43793465649873997,"旨味,メロン,スッキリ,フレッシュ,甘味,綺麗,辛口,酸味,安定,フルーティ,キレ,バランス,しっかり,ガス,苦味,華やか,さわやか,濃厚,まろやか,桜",617,https://sakenowa.com/brands/617,2026-05-11T09:00:08.176453+00:00
sn_1132,1050,英君酒造,英君,,静岡県,靜岡縣,,,,,,,,,,0.4545703666891812,0.5155453017845083,0.2588972651441134,0.34765027808955673,0.28091303127926137,0.5106644521000387,"さわやか,酸味,甘味,旨味,苦味,ガス,ゴクゴク,フルーティ,マスカット,スッキリ,メロン,辛口,フレッシュ,控えめ,甘酸っぱい,リンゴ,ジューシー,柑橘,バナナ,余韻",1132,https://sakenowa.com/brands/1132,2026-05-11T09:00:08.176466+00:00
sn_611,445,神沢川酒造場,正雪,,静岡県,靜岡縣,,,,,,,,,,0.3636410108831823,0.4610555049478026,0.2540270851785938,0.52329346028788,0.3865647858719009,0.40913921506083933,"辛口,バナナ,旨味,甘味,スッキリ,フルーティ,メロン,優しい,しっかり,柔らかい,苦味,酸味,綺麗,さわやか,華やか,キレ,余韻,穏やか,さっぱり,上品",611,https://sakenowa.com/brands/611,2026-05-11T09:00:08.176478+00:00
sn_609,443,青島酒造,喜久酔,,静岡県,靜岡縣,,,,,,,,,,0.25706680553011185,0.5114611380740706,0.3002213755369658,0.6421148912136233,0.28093098146318335,0.3015916735274062,"穏やか,旨味,常温,メロン,辛口,優しい,スッキリ,レーズン,綺麗,甘味,熱燗,柔らかい,冷酒,酸味,円やか,ピリリ,バランス,梨,余韻,苦味",609,https://sakenowa.com/brands/609,2026-05-11T09:00:08.176492+00:00
sn_618,452,初亀醸造,初亀,,静岡県,靜岡縣,,,,,,,,,,0.37182105821052613,0.5046725127013877,0.29354167608391557,0.46081316532914823,0.3531924970757513,0.4287124055418089,"旨味,辛口,さわやか,フレッシュ,スッキリ,バナナ,酸味,甘味,フルーティ,綺麗,苦味,ブドウ,キレ,控えめ,メロン,しっかり,余韻,さっぱり,ほのか,上品",618,https://sakenowa.com/brands/618,2026-05-11T09:00:08.176505+00:00
sn_626,458,萬乗醸造,醸し人九平次,,愛知県,愛知縣,,,,,,,,,,0.5026264900228998,0.49543832486627654,0.2570013253090225,0.34595318186563495,0.2733182783222352,0.49139730489938144,"ワイン,ガス,酸味,フルーティ,苦味,旨味,バランス,甘味,上品,ピリリ,華やか,さわやか,柑橘,スッキリ,フレッシュ,しっかり,グレープフルーツ,綺麗,安定,軽快",626,https://sakenowa.com/brands/626,2026-05-11T09:00:08.176517+00:00
sn_628,461,山忠本家酒造,義侠,,愛知県,愛知縣,,,,,,,,,,0.2592442019732313,0.5653613024218422,0.46914192798762,0.45384567514887286,0.2904872657193501,0.3204779937449041,"旨味,酸味,苦味,しっかり,フレッシュ,甘味,バランス,穏やか,辛口,力強い,常温,スッキリ,フルーティ,コク,キレ,まろやか,ガス,余韻,どっしり,濃厚",628,https://sakenowa.com/brands/628,2026-05-11T09:00:08.176533+00:00
sn_632,462,関谷醸造,蓬莱泉,,愛知県,愛知縣,,,,,,,,,,0.37381664422434147,0.5572084388722488,0.36827708553041993,0.43929713042449425,0.2554360874418883,0.39486997462051776,"旨味,甘味,フルーティ,フレッシュ,スッキリ,酸味,苦味,上品,しっかり,華やか,綺麗,辛口,まろやか,常温,濃厚,ガス,ラム,キレ,柔らかい,芳醇",632,https://sakenowa.com/brands/632,2026-05-11T09:00:08.176545+00:00
sn_1033,835,清水清三郎商店,作,,三重県,三重縣,,,,,,,,,,0.5384928992156885,0.5192547776120071,0.21603668924304167,0.3606349162466165,0.2606179341862944,0.44243504821222857,"フルーティ,華やか,甘味,旨味,安定,苦味,フレッシュ,酸味,ライチ,バランス,スッキリ,さわやか,ガス,上品,綺麗,キレ,洋梨,余韻,メロン,パイナップル",1033,https://sakenowa.com/brands/1033,2026-05-11T09:00:08.176557+00:00
sn_660,488,木屋正酒造,而今,,三重県,三重縣,,,,,,,,,,0.4606294686919966,0.5559532085469312,0.26360932395124126,0.3951601670054608,0.24905391564083662,0.43711238408566533,"バランス,旨味,ガス,フルーティ,苦味,酸味,甘味,フレッシュ,パイナップル,華やか,綺麗,安定,ジューシー,メロン,キレ,余韻,しっかり,上品,スッキリ,さわやか",660,https://sakenowa.com/brands/660,2026-05-11T09:00:08.176570+00:00
sn_655,483,瀧自慢酒造,瀧自慢,,三重県,三重縣,,,,,,,,,,0.29581028957048155,0.46308748575034914,0.2930410733379143,0.41354918533569546,0.5027984055644167,0.43398619463373966,"辛口,旨味,スッキリ,さわやか,キレ,甘味,しっかり,バランス,フルーティ,ふくよか,酸味,さっぱり,常温,余韻,軽快,苦味,綺麗,フレッシュ,ふんわり,ほのか",655,https://sakenowa.com/brands/655,2026-05-11T09:00:08.176582+00:00
sn_668,492,冨田酒造,七本鎗,,滋賀県,滋賀縣,,,,,,,,,,0.22851957276354634,0.503199739653091,0.42466869807113444,0.49233039420201125,0.3575399980354841,0.37947497480765935,"旨味,ガス,酸味,辛口,しっかり,フレッシュ,苦味,常温,キレ,熱燗,甘味,スッキリ,控えめ,バランス,さわやか,渋み,ヨーグルト,穀物,濃厚,冷酒",668,https://sakenowa.com/brands/668,2026-05-11T09:00:08.176594+00:00
sn_672,496,笑四季酒造,笑四季,,滋賀県,滋賀縣,,,,,,,,,,0.4565355465482181,0.5841506119753503,0.30156608768770643,0.39561926623162813,0.2281213291545899,0.3883906633720301,"甘味,酸味,苦味,花,フルーティ,桃,旨味,ヨーグルト,ブドウ,バナナ,リンゴ,フレッシュ,綺麗,華やか,さわやか,ジューシー,余韻,しっかり,軽快,スッキリ",672,https://sakenowa.com/brands/672,2026-05-11T09:00:08.176609+00:00
sn_676,500,上原酒造,不老泉,,滋賀県,滋賀縣,,,,,,,,,,0.13545344565069076,0.640617321641061,0.6128801530593516,0.3780418855934875,0.1536606550335934,0.17062375301317834,"旨味,酸味,キャラメル,濃厚,常温,熱燗,チョコレート,ナッツ,レーズン,しっかり,どっしり,複雑,甘味,コク,燗酒,余韻,紹興酒,まろやか,辛口,冷酒",676,https://sakenowa.com/brands/676,2026-05-11T09:00:08.176624+00:00
sn_707,524,玉乃光酒造,玉乃光,,京都府,京都府,,,,,,,,,,0.2944743955008755,0.532351280894938,0.3740262996060251,0.5155054136415571,0.34457132438160265,0.3248323294364217,"ワイン,旨味,辛口,熱燗,スッキリ,酸味,甘味,常温,冷酒,しっかり,フレッシュ,上品,バランス,フルーティ,さわやか,まろやか,柔らかい,余韻,優しい,濃厚",707,https://sakenowa.com/brands/707,2026-05-11T09:00:08.176637+00:00
sn_694,515,増田徳兵衛商店,月の桂,,京都府,京都府,,,,,,,,,,0.44401019160520894,0.45844318002993795,0.2805083293873899,0.35808547935497126,0.259854018210762,0.5641370013337897,"ガス,旨味,苦味,桜,甘味,酸味,シャンパン,さわやか,フルーティ,スッキリ,クリーミー,辛口,バランス,軽快,フレッシュ,しっかり,優しい,するする,柑橘,あっさり",694,https://sakenowa.com/brands/694,2026-05-11T09:00:08.176651+00:00
sn_728,531,齊藤酒造,英勲,,京都府,京都府,,,,,,,,,,0.29371068475291584,0.5258997293268306,0.3864521737168646,0.5459477808892197,0.2842377180617282,0.33010326559827957,"旨味,酸味,フルーティ,甘味,スッキリ,苦味,穀物,ガス,柔らかい,濃厚,しっかり,さらり,上品,常温,バランス,さわやか,辛口,優しい,綺麗,ハチミツ",728,https://sakenowa.com/brands/728,2026-05-11T09:00:08.176666+00:00
sn_704,523,松本酒造,澤屋まつもと,,京都府,京都府,,,,,,,,,,0.449555358951051,0.3483596835342694,0.19339161880123054,0.2886375930744236,0.33115304753905883,0.6679604710411629,"ガス,酸味,さわやか,旨味,苦味,スッキリ,甘味,フルーティ,フレッシュ,軽快,バランス,辛口,ピリリ,綺麗,柑橘,さっぱり,キレ,ほのか,シャンパン,上品",704,https://sakenowa.com/brands/704,2026-05-11T09:00:08.176679+00:00
sn_752,542,秋鹿酒造,秋鹿,,大阪府,大阪府,,,,,,,,,,0.19245117875551646,0.5288324765817449,0.4668553441902719,0.44617620722170914,0.39905120717551973,0.3271540451683644,"酸味,旨味,辛口,常温,しっかり,苦味,ガス,スッキリ,濃厚,冷酒,どっしり,キレ,燗酒,甘味,熱燗,複雑,紹興酒,フレッシュ,控えめ,ピリリ",752,https://sakenowa.com/brands/752,2026-05-11T09:00:08.176691+00:00
sn_774,574,白鶴酒造,白鶴,,兵庫県,兵庫縣,,,,,,,,,,0.4414921525173426,0.5187764947819908,0.2782288966657994,0.40829298439925465,0.2591254496722824,0.47402019894719044,"レモン,甘味,フルーティ,ジュース,ワイン,辛口,旨味,スッキリ,酸味,熱燗,控えめ,さわやか,ハーブ,綺麗,冷酒,苦味,常温,ほのか,まろやか,上品",774,https://sakenowa.com/brands/774,2026-05-11T09:00:08.176704+00:00
sn_1583,910,菊正宗酒造,菊正宗,,兵庫県,兵庫縣,,,,,,,,,,0.36472820499980974,0.5673036510293151,0.30226483300280316,0.4397305021331953,0.3369399554560576,0.38325504125473836,"フルーティ,熱燗,辛口,旨味,甘味,常温,さわやか,フレッシュ,華やか,スッキリ,冷酒,しっかり,苦味,プラム,安定,優しい,酸味,ガス,余韻,ワイン",1583,https://sakenowa.com/brands/1583,2026-05-11T09:00:08.176716+00:00
sn_766,564,剣菱酒造,剣菱,,兵庫県,兵庫縣,,,,,,,,,,0.10833225286725155,0.6037168073108964,0.6077730506927387,0.4439388387880578,0.19584550289789832,0.13771312508568573,"熱燗,カラメル,旨味,昔ながら,安定,常温,濃厚,複雑,プルーン,スパイス,辛口,コク,紹興酒,スモーキー,酸味,穀物,甘味,まろやか,ハチミツ,アミノ酸",766,https://sakenowa.com/brands/766,2026-05-11T09:00:08.176731+00:00
sn_769,568,神戸酒心館,福寿,,兵庫県,兵庫縣,,,,,,,,,,0.3892087906969751,0.49464173071929396,0.3237478583101477,0.4482265992616987,0.34449463098906447,0.4236151138106536,"フルーティ,辛口,甘味,スッキリ,フレッシュ,さわやか,旨味,しっかり,酸味,上品,華やか,綺麗,ふくよか,まろやか,余韻,さらり,スイスイ,濃厚,まったり,苦味",769,https://sakenowa.com/brands/769,2026-05-11T09:00:08.176743+00:00
sn_764,562,本田商店,龍力,,兵庫県,兵庫縣,,,,,,,,,,0.31012689299175317,0.5251017308704224,0.4289627460978462,0.44558939261075986,0.33250808083203637,0.36738115672218824,"旨味,しっかり,辛口,甘味,酸味,スッキリ,苦味,どっしり,キレ,力強い,フルーティ,常温,熱燗,ガス,バランス,濃厚,さわやか,桜,コク,まろやか",764,https://sakenowa.com/brands/764,2026-05-11T09:00:08.176758+00:00
sn_783,580,下村酒造店,奥播磨,,兵庫県,兵庫縣,,,,,,,,,,0.16726898915819885,0.5814111716954208,0.5569592896951298,0.3526144123530722,0.3588970153352215,0.26577150505728825,"旨味,辛口,熱燗,しっかり,酸味,常温,冷酒,濃厚,キレ,どっしり,コク,燗酒,ナッツ,苦味,香ばしい,甘味,スッキリ,複雑,芳醇,紹興酒",783,https://sakenowa.com/brands/783,2026-05-11T09:00:08.176771+00:00
sn_755,548,田治米,竹泉,,兵庫県,兵庫縣,,,,,,,,,,0.21151741254190137,0.5466200222563428,0.5421131715998107,0.42178541813413695,0.31323844461606887,0.2942090795709161,"旨味,酸味,スモーキー,熱燗,辛口,渋み,苦味,常温,香ばしい,しっかり,コク,スパイシー,セメダイン,スッキリ,キャラメル,ガス,燗酒,甘味,シャープ,優しい",755,https://sakenowa.com/brands/755,2026-05-11T09:00:08.176785+00:00
sn_1989,1035,香住鶴,香住鶴,,兵庫県,兵庫縣,,,,,,,,,,0.24149985920652237,0.5520593416464866,0.433080845026628,0.4976058334957726,0.2861178232995518,0.34622869412630064,"酸味,ヨーグルト,旨味,コク,辛口,甘味,スッキリ,しっかり,まろやか,常温,冷酒,フルーティ,ガス,複雑,穏やか,優しい,なめらか,シャープ,チーズ,フレッシュ",1989,https://sakenowa.com/brands/1989,2026-05-11T09:00:08.176797+00:00
sn_792,589,油長酒造,風の森,,奈良県,奈良縣,,,,,,,,,,0.5132995156858667,0.44013650157987566,0.2384484562447303,0.26863650123604843,0.2254307641534039,0.6024626143297646,"ガス,酸味,フルーティ,苦味,さわやか,旨味,甘味,複雑,メロン,フレッシュ,マスカット,安定,ラムネ,華やか,バナナ,バランス,シャンパン,ブドウ,しっかり,軽快",792,https://sakenowa.com/brands/792,2026-05-11T09:00:08.176812+00:00
sn_1101,596,千代酒造,篠峯,,奈良県,奈良縣,,,,,,,,,,0.4084085431965289,0.45765548321015315,0.2557512017522766,0.3445018889508589,0.37255828632637294,0.5485107247200212,"ガス,酸味,旨味,フレッシュ,辛口,さわやか,甘味,キレ,苦味,スッキリ,フルーティ,しっかり,バランス,ピチピチ,ラムネ,上品,ほのか,綺麗,ピリリ,ジューシー",1101,https://sakenowa.com/brands/1101,2026-05-11T09:00:08.176824+00:00
sn_1443,589,油長酒造,鷹長,,奈良県,奈良縣,,,,,,,,,,0.23882100217908772,0.6262803060668747,0.5740064209728845,0.3786670552890732,0.1472080562664484,0.23705523668928732,"濃厚,甘味,酸味,ヨーグルト,ハチミツ,旨味,パイナップル,とろみ,紹興酒,甘酸っぱい,蜜,砂糖,チーズ,ガス,コク,プルーン,ちびちび,キャラメル,バランス,ワイン",1443,https://sakenowa.com/brands/1443,2026-05-11T09:00:08.176834+00:00
sn_1464,882,久保本家酒造,睡龍,,奈良県,奈良縣,,,,,,,,,,0.17169375467330922,0.5474285029912744,0.5655834852553715,0.4404914741744051,0.29561164702068327,0.26370366939176065,"旨味,常温,熱燗,酸味,燗冷まし,辛口,紹興酒,香ばしい,キレ,スモーキー,穀物,しっかり,ナッツ,冷酒,燗酒,カラメル,桜,コク,苦味,スッキリ",1464,https://sakenowa.com/brands/1464,2026-05-11T09:00:08.176847+00:00
sn_819,604,平和酒造,紀土,,和歌山県,和歌山縣,,,,,,,,,,0.4555208685672918,0.4762477589615302,0.23092765642144145,0.39370171450892816,0.3162448767091863,0.507296132285121,"フルーティ,さわやか,甘味,酸味,旨味,ガス,安定,華やか,苦味,スッキリ,フレッシュ,バランス,軽快,柔らかい,リンゴ,優しい,しっかり,綺麗,余韻,キレ",819,https://sakenowa.com/brands/819,2026-05-11T09:00:08.176859+00:00
sn_815,603,世界一統,南方,,和歌山県,和歌山縣,,,,,,,,,,0.29949023884496573,0.44847390278469124,0.26526026956305754,0.41942920446057136,0.5390436091005402,0.41512031350251105,"辛口,旨味,フルーティ,スッキリ,苦味,綺麗,キレ,ピリリ,華やか,酸味,穏やか,しっかり,フレッシュ,甘味,ツン,ほのか,ガス,余韻",815,https://sakenowa.com/brands/815,2026-05-11T09:00:08.176872+00:00
sn_834,611,山根酒造場,日置桜,,鳥取県,鳥取縣,,,,,,,,,,0.11714736168541075,0.6035957178731278,0.5376381972606802,0.4611340467895126,0.28374225454248947,0.19934793136706896,"常温,旨味,燗酒,熱燗,酸味,辛口,しっかり,力強い,冷酒,キレ,どっしり,苦味,スパイス,燗冷まし,甘味,渋み,穏やか,複雑,スッキリ,紹興酒",834,https://sakenowa.com/brands/834,2026-05-11T09:00:08.176884+00:00
sn_839,618,諏訪酒造,諏訪泉,,鳥取県,鳥取縣,,,,,,,,,,0.15245629272328373,0.5680723677113472,0.5498261871137727,0.4770931813351805,0.27337237178908574,0.22224236878172732,"常温,燗酒,旨味,熱燗,渋み,しっかり,酸味,濃厚,甘辛い,辛口,アミノ酸,まろやか,チョコレート,キャラメル,冷酒,薄い,カラメル,紹興酒,力強い,柔らかい",839,https://sakenowa.com/brands/839,2026-05-11T09:00:08.176900+00:00
sn_846,629,李白酒造,李白,,島根県,島根縣,,,,,,,,,,0.3030848191082976,0.4539959410661921,0.3535187164033445,0.42970264799579444,0.43007923429717126,0.45545502698488927,"辛口,花,スッキリ,旨味,ラムネ,しっかり,常温,酸味,さわやか,甘味,フレッシュ,さっぱり,キレ,あっさり,まろやか,キリリ,余韻,蜜,冷酒,苦味",846,https://sakenowa.com/brands/846,2026-05-11T09:00:08.176913+00:00
sn_844,627,富士酒造,出雲富士,,島根県,島根縣,,,,,,,,,,0.3051184279032061,0.4239601542163969,0.2991541293394824,0.45242544106595795,0.4765966504349036,0.4536895332276521,"辛口,旨味,スッキリ,酸味,苦味,ガス,甘味,しっかり,キレ,さわやか,フルーティ,控えめ,穏やか,余韻,優しい,綺麗,バランス,軽快,さっぱり,常温",844,https://sakenowa.com/brands/844,2026-05-11T09:00:08.176926+00:00
sn_1426,927,王祿酒造,王祿,,島根県,島根縣,,,,,,,,,,0.28790969737167194,0.5047786753189719,0.4582116103350074,0.3596252132192448,0.3805021748424766,0.422180549307916,"旨味,酸味,苦味,ガス,辛口,しっかり,フレッシュ,キレ,甘味,濃厚,綺麗,バランス,スッキリ,複雑,セメダイン,余韻,フルーティ,さわやか,どっしり,コク",1426,https://sakenowa.com/brands/1426,2026-05-11T09:00:08.176940+00:00
sn_1495,892,利守酒造,酒一筋,,岡山県,岡山縣,,,,,,,,,,0.25842704488508944,0.5331637692289298,0.4805224565838053,0.47925958647871025,0.2707454648638593,0.3392007788849163,"旨味,酸味,しっかり,ヨーグルト,スッキリ,どっしり,フルーティ,辛口,バランス,コク,とろみ,甘味,メロン,キレ,濃厚,プラム,芳醇,複雑,優しい,余韻",1495,https://sakenowa.com/brands/1495,2026-05-11T09:00:08.176954+00:00
sn_1956,647,辻本店,御前酒,,岡山県,岡山縣,,,,,,,,,,0.2756396286308359,0.544416790111186,0.4332899840291179,0.47312010033109303,0.29374996441645135,0.3602239200571842,"旨味,酸味,ヨーグルト,苦味,甘味,辛口,しっかり,濃厚,ガス,キレ,フルーティ,バランス,スッキリ,さわやか,複雑,軽快,常温,冷酒,余韻,華やか",1956,https://sakenowa.com/brands/1956,2026-05-11T09:00:08.176968+00:00
sn_869,659,賀茂鶴酒造,賀茂鶴,,広島県,廣島縣,,,,,,,,,,0.36599302848269116,0.4897828464921931,0.3091007443380705,0.5021313574195707,0.3314735579101461,0.4106190162864986,"桜,辛口,スッキリ,旨味,甘味,フルーティ,まろやか,常温,熱燗,しっかり,さわやか,さっぱり,冷酒,穏やか,あっさり,控えめ,柔らかい,酸味,苦味,キレ",869,https://sakenowa.com/brands/869,2026-05-11T09:00:08.176983+00:00
sn_865,653,賀茂泉酒造,賀茂泉,,広島県,廣島縣,,,,,,,,,,0.3131550902336776,0.533489376811667,0.42358174862513315,0.45583164436514934,0.31257092414029164,0.36389339908681906,"旨味,フルーティ,メロン,酸味,ガス,甘味,しっかり,フレッシュ,苦味,熱燗,キャラメル,柔らかい,コク,リンゴ,辛口,濃厚,淡い,穀物,スッキリ,穏やか",865,https://sakenowa.com/brands/865,2026-05-11T09:00:08.176995+00:00
sn_867,657,藤井酒造,龍勢,,広島県,廣島縣,,,,,,,,,,0.2974504880356259,0.5415729740993644,0.39481183148420196,0.42408998011139504,0.3609567944782487,0.3901325670867933,"酸味,辛口,旨味,さわやか,苦味,甘味,常温,熱燗,濃厚,冷酒,ヨーグルト,しっかり,余韻,桃,フルーティ,キレ,メロン,バランス,バナナ,スッキリ",867,https://sakenowa.com/brands/867,2026-05-11T09:00:08.177007+00:00
sn_871,660,相原酒造,雨後の月,,広島県,廣島縣,,,,,,,,,,0.4034217487511793,0.5150015814016103,0.27051496191575153,0.39145481466370985,0.37371559187768155,0.45381241017871576,"フルーティ,旨味,辛口,甘味,酸味,スッキリ,メロン,苦味,さわやか,綺麗,余韻,キレ,バランス,ガス,しっかり,上品,華やか,控えめ,軽快,さっぱり",871,https://sakenowa.com/brands/871,2026-05-11T09:00:08.177019+00:00
sn_887,679,旭酒造,獺祭,,山口県,山口縣,,,,,,,,,,0.5065462052130251,0.4904183076192804,0.2613040213232891,0.4172208043804245,0.24249598179342183,0.44915869487587445,"安定,フルーティ,甘味,ガス,華やか,旨味,スッキリ,綺麗,上品,バランス,シャンパン,さわやか,苦味,酸味,余韻,フレッシュ,しっかり,メロン,ワイン,ハチミツ",887,https://sakenowa.com/brands/887,2026-05-11T09:00:08.177033+00:00
sn_884,676,澄川酒造場,東洋美人,,山口県,山口縣,,,,,,,,,,0.4981579045659597,0.6001285795343337,0.25873827911228864,0.35883810251266823,0.23179079174580652,0.3771566493030801,"フルーティ,甘味,華やか,旨味,メロン,酸味,ジューシー,上品,苦味,綺麗,スッキリ,バランス,パイナップル,安定,さわやか,しっかり,ヨーグルト,洋梨,余韻,リンゴ",884,https://sakenowa.com/brands/884,2026-05-11T09:00:08.177046+00:00
sn_881,672,八百新酒造,雁木,,山口県,山口縣,,,,,,,,,,0.3805969718307013,0.48561414879498843,0.323947678119743,0.406134444906508,0.33864697417477424,0.48451603163053236,"ガス,旨味,酸味,しっかり,フルーティ,甘味,辛口,苦味,バランス,フレッシュ,さわやか,スッキリ,綺麗,キレ,華やか,余韻,安定,濃厚,ほのか,メロン",881,https://sakenowa.com/brands/881,2026-05-11T09:00:08.177058+00:00
sn_1020,1039,永山本家酒造場,貴,,山口県,山口縣,,,,,,,,,,0.3374321022331681,0.48911455434321116,0.29878884570542075,0.45410917696142505,0.3502492168202745,0.4782698990218501,"旨味,酸味,ガス,辛口,苦味,ヨーグルト,スッキリ,さわやか,甘味,フルーティ,さっぱり,しっかり,キレ,冷酒,フレッシュ,常温,穏やか,控えめ,バランス,余韻",1020,https://sakenowa.com/brands/1020,2026-05-11T09:00:08.177071+00:00
sn_885,677,酒井酒造,五橋,,山口県,山口縣,,,,,,,,,,0.45403682279521024,0.5352374859896121,0.29532579003266884,0.3367321370168115,0.27060664172303195,0.48325726919996187,"酸味,ガス,甘味,旨味,甘酸っぱい,フルーティ,フレッシュ,桃,辛口,スッキリ,さわやか,オレンジ,ワイン,いちご,ジュース,苦味,バランス,しっかり,華やか,軽快",885,https://sakenowa.com/brands/885,2026-05-11T09:00:08.177083+00:00
sn_896,689,三芳菊酒造,三芳菊,,徳島県,德島縣,,,,,,,,,,0.49673632895785863,0.6149440342395632,0.369254194216074,0.25705052787395055,0.18094188596749936,0.3740765353810991,"パイナップル,酸味,トロピカル,フルーティ,ワイン,甘味,ジュース,旨味,甘酸っぱい,苦味,フレッシュ,ナッツ,ブドウ,チーズ,リンゴ,ジューシー,穀物,しっかり,濃厚,辛口",896,https://sakenowa.com/brands/896,2026-05-11T09:00:08.177095+00:00
sn_901,693,丸尾本店,悦凱陣,,香川県,香川縣,,,,,,,,,,0.1522947437730519,0.5764215446136247,0.5909970156052756,0.4143683464113294,0.2833460327545159,0.20804071881393413,"旨味,酸味,ナッツ,しっかり,辛口,どっしり,常温,熱燗,濃厚,穀物,複雑,冷酒,甘味,苦味,ふくよか,セメダイン,スッキリ,燗酒,力強い,ずっしり",901,https://sakenowa.com/brands/901,2026-05-11T09:00:08.177276+00:00
sn_79103,693,丸尾本店,誉凱陣,,香川県,香川縣,,,,,,,,,,,,,,,,,79103,https://sakenowa.com/brands/79103,2026-05-11T09:00:08.177282+00:00
sn_1965,692,川鶴酒造,川鶴,,香川県,香川縣,,,,,,,,,,0.3584891962290065,0.5448905547758651,0.3952171920994132,0.36468017894468485,0.22553563004486346,0.484278016471247,"カルピス,酸味,ガス,さわやか,旨味,ヨーグルト,レーズン,ラム,甘味,フルーティ,フレッシュ,軽快,しっかり,スッキリ,バランス,苦味,ヤクルト,キレ,甘酸っぱい,マスカット",1965,https://sakenowa.com/brands/1965,2026-05-11T09:00:08.177301+00:00
sn_914,703,石鎚酒造,石鎚,,愛媛県,愛媛縣,,,,,,,,,,0.4214836607232606,0.4603108089306392,0.25328979461058804,0.43594896099596797,0.402366881014047,0.4408618370199783,"旨味,スッキリ,華やか,辛口,穏やか,リンゴ,甘味,メロン,酸味,花,苦味,キレ,フルーティ,綺麗,さわやか,しっかり,さっぱり,冷酒,バランス,ふんわり",914,https://sakenowa.com/brands/914,2026-05-11T09:00:08.177315+00:00
sn_929,713,梅錦山川,梅錦,,愛媛県,愛媛縣,,,,,,,,,,0.24209079271114212,0.5215392118437305,0.4129364837685561,0.4734137333745212,0.4228685391242777,0.3097321336866251,"甘味,辛口,旨味,スッキリ,常温,フルーティ,甘辛い,酸味,キレ,濃厚,ふんわり,しっかり,上品,穏やか,まろやか,芳醇,コク,苦味,柔らかい,優しい",929,https://sakenowa.com/brands/929,2026-05-11T09:00:08.177330+00:00
sn_933,717,酔鯨酒造,酔鯨,,高知県,高知縣,,,,,,,,,,0.30035737537133955,0.3955535196952838,0.26908430264870775,0.3391965837486085,0.5752188262694728,0.48475300686351047,"辛口,スッキリ,旨味,酸味,キレ,しっかり,フレッシュ,さっぱり,さわやか,フルーティ,苦味,甘味,キリリ,控えめ,安定,バランス,さらり,常温,柑橘,スイスイ",933,https://sakenowa.com/brands/933,2026-05-11T09:00:08.177345+00:00
sn_940,725,土佐鶴酒造,土佐鶴,,高知県,高知縣,,,,,,,,,,0.2507464722489889,0.3648459424164592,0.26184416034048447,0.35539671589908006,0.6297310612434276,0.4610675064303428,"辛口,スッキリ,バナナ,旨味,しっかり,軽快,熱燗,キリリ,華やか,するする,ほのか,常温,酸味,さっぱり,甘味,さわやか,冷酒,ツン,メロン,フルーティ",940,https://sakenowa.com/brands/940,2026-05-11T09:00:08.177358+00:00
sn_1003,722,南酒造場,南,,高知県,高知縣,,,,,,,,,,0.2893432729159935,0.4070313906808137,0.30045292769477483,0.34793922082635653,0.5948238627076784,0.43064698608327306,"辛口,スッキリ,旨味,酸味,キレ,甘味,フルーティ,しっかり,キリリ,苦味,綺麗,さっぱり,華やか,フレッシュ,バランス,どっしり,穏やか,力強い,コク,さわやか",1003,https://sakenowa.com/brands/1003,2026-05-11T09:00:08.177371+00:00
sn_945,727,濵川商店,美丈夫,,高知県,高知縣,,,,,,,,,,0.49372922814509207,0.42287422947352826,0.18158652066843234,0.29023660386852906,0.3890035229717392,0.555764467849819,"パイナップル,ガス,スッキリ,フルーティ,酸味,辛口,旨味,さわやか,甘味,キレ,華やか,綺麗,柑橘,さっぱり,苦味,バランス,リンゴ,メロン,ライチ,控えめ",945,https://sakenowa.com/brands/945,2026-05-11T09:00:08.177383+00:00
sn_963,744,杜の蔵,独楽蔵,,福岡県,福岡縣,,,,,,,,,,0.09774156458498248,0.5201071969908494,0.6250561448138642,0.4868906141494464,0.22624767241478097,0.20245845648255803,"紹興酒,熱燗,旨味,スパイシー,チョコレート,常温,どっしり,甘味,柔らかい,濃厚,しっかり,控えめ,優しい,酸味,穀物,ふくよか,丸み,ガス,さらり,キレ",963,https://sakenowa.com/brands/963,2026-05-11T09:00:08.177396+00:00
sn_960,740,山口酒造場,庭のうぐいす,,福岡県,福岡縣,,,,,,,,,,0.42503309111318305,0.5004981296998432,0.25876462370906117,0.40101112200731603,0.32489674668120716,0.48530562243275166,"酸味,甘味,フルーティ,フレッシュ,旨味,スッキリ,苦味,さわやか,辛口,ガス,華やか,メロン,バランス,しっかり,綺麗,控えめ,さっぱり,余韻,キレ,ジューシー",960,https://sakenowa.com/brands/960,2026-05-11T09:00:08.177408+00:00
sn_954,736,みいの寿,三井の寿,,福岡県,福岡縣,,,,,,,,,,0.3240621224777727,0.40454249076583126,0.30733862563448283,0.36703061712243806,0.5615164360027189,0.4322729477156907,"辛口,ワイン,スッキリ,酸味,旨味,さわやか,キレ,甘味,苦味,リンゴ,しっかり,さっぱり,フルーティ,華やか,穏やか,控えめ,軽快,冷酒,ガス,あっさり",954,https://sakenowa.com/brands/954,2026-05-11T09:00:08.177423+00:00
sn_975,758,富久千代酒造,鍋島,,佐賀県,佐賀縣,,,,,,,,,,0.49261177929022587,0.5051823525321958,0.22553869926282527,0.3246876066047255,0.293755717559588,0.5094528999306347,"ガス,フルーティ,旨味,オレンジ,苦味,甘味,酸味,華やか,バランス,安定,フレッシュ,ジューシー,スッキリ,キレ,さわやか,しっかり,ピリリ,綺麗,控えめ,余韻",975,https://sakenowa.com/brands/975,2026-05-11T09:00:08.177437+00:00
sn_970,752,五町田酒造,東一,,佐賀県,佐賀縣,,,,,,,,,,0.38986599434346525,0.5215412354879241,0.285605243365336,0.4712135976124004,0.3060458445745843,0.42275593141474255,"旨味,フルーティ,酸味,ワイン,甘味,苦味,バランス,スッキリ,穏やか,綺麗,軽快,しっかり,キレ,さわやか,ガス,まろやか,余韻,辛口,華やか,控えめ",970,https://sakenowa.com/brands/970,2026-05-11T09:00:08.177450+00:00
sn_973,756,天吹酒造,天吹,,佐賀県,佐賀縣,,,,,,,,,,0.45960688218487494,0.5741769964157029,0.228129447642029,0.44752720576930904,0.28785620543974216,0.35199069709302055,"バナナ,いちご,花,辛口,華やか,甘味,スッキリ,酸味,旨味,フルーティ,リンゴ,しっかり,苦味,さわやか,穏やか,冷酒,綺麗,濃厚,キレ,キリリ",973,https://sakenowa.com/brands/973,2026-05-11T09:00:08.177464+00:00
sn_2024,1046,佐嘉酒造,窓乃梅,,佐賀県,佐賀縣,,,,,,,,,,0.38161352984660496,0.6154591146316206,0.3816953955881886,0.42893207792944305,0.2880262777892424,0.2508943061682676,味噌,2024,https://sakenowa.com/brands/2024,2026-05-11T09:00:08.177477+00:00
sn_981,761,今里酒造,六十餘洲,,長崎県,長崎縣,,,,,,,,,,0.32203358578144453,0.5306889421675813,0.32381922522862433,0.5041848203054036,0.34466497623662873,0.369876258756282,"甘味,旨味,酸味,しっかり,バナナ,フルーティ,渋み,苦味,バランス,スッキリ,穏やか,コク,キレ,フレッシュ,ヨーグルト,まろやか,さっぱり,華やか,リンゴ,辛口",981,https://sakenowa.com/brands/981,2026-05-11T09:00:08.177490+00:00
sn_984,764,熊本県酒造研究所,香露,,熊本県,熊本縣,,,,,,,,,,0.29546956149128034,0.5492140012487446,0.42265373144568746,0.4855228414092614,0.2756474337896825,0.3474357567588158,"フレッシュ,旨味,軽快,冷酒,甘味,酸味,常温,華やか,醤油,桜,しっかり,スッキリ,紹興酒,リンゴ,濃厚,バランス,まろやか,コーヒー,豊か,辛口",984,https://sakenowa.com/brands/984,2026-05-11T09:00:08.177502+00:00
sn_3093,1260,亀萬酒造,玄米酒,,熊本県,熊本縣,,,,,,,,,,,,,,,,,3093,https://sakenowa.com/brands/3093,2026-05-11T09:00:08.177664+00:00
sn_997,777,浜嶋酒造,鷹来屋,,大分県,大分縣,,,,,,,,,,0.20537591974694783,0.4113951960895966,0.39879440376418307,0.5463202022138425,0.45747584139300035,0.3489811441090475,"辛口,旨味,スッキリ,しっかり,冷酒,穏やか,酸味,柔らかい,チョコレート,シャープ,甘味,キリリ,さわやか,控えめ,優しい,穀物,厚み,苦味,キレ,バランス",997,https://sakenowa.com/brands/997,2026-05-11T09:00:08.177678+00:00
sn_1127,767,中野酒造,ちえびじん,,大分県,大分縣,,,,,,,,,,0.4213280350769375,0.5953698490440466,0.3468327544575878,0.38641773094416354,0.242697995535673,0.3735016603949291,"いちご,甘味,旨味,フルーティ,苦味,酸味,ガス,華やか,ワイン,ジューシー,バランス,綺麗,優しい,しっかり,スッキリ,濃厚,ヨーグルト,さわやか,桃,余韻",1127,https://sakenowa.com/brands/1127,2026-05-11T09:00:08.177691+00:00
sn_1001,782,千徳酒造,千徳,,宮崎県,宮崎縣,,,,,,,,,,0.30693257988840617,0.5161831399556284,0.4009159980587026,0.5514416878296365,0.26124512209663353,0.3260011825645829,"華やか,冷酒,旨味,常温,甘味,スッキリ,昔ながら,しっかり,あっさり,酸味,熱燗,辛口,じっくり,苦味,控えめ,さらり,穀物,濃厚,ほのか,さっぱり",1001,https://sakenowa.com/brands/1001,2026-05-11T09:00:08.177703+00:00
